{
  "builders": [{
    "type": "qemu",
    "iso_urls": [
      "{{ user `iso_path` }}/{{ user `iso_name` }}",
      "{{ user `mirror` }}/7/isos/x86_64/{{ user `iso_name` }}"
    ],
    "iso_checksum": "{{user `iso_checksum`}}",
    "iso_checksum_type": "{{user `iso_checksum_type`}}",
    "output_directory": "output-centos-7.6-x86_64-{{build_type}}",
    "vm_name": "librenms-centos-7.6-x86_64",
    "disk_size": "{{user `disk_size`}}",
    "headless": "{{user `headless`}}",
    "http_directory": "http",
    "boot_wait": "5s",
    "boot_command": [
      "<esc>",
      "<wait>",
      "linux inst.ks=http://{{.HTTPIP}}:{{.HTTPPort}}/centos-7.6/anaconda-ks.cfg biosdevname=0 net.ifnames=0",
      "<enter>"
    ],
    "ssh_timeout": "{{user `ssh_timeout`}}",
    "ssh_username": "{{ user `ssh_username` }}",
    "ssh_password": "{{ user `ssh_password` }}",
    "shutdown_command": "sudo usermod -L vagrant && sudo chage -d 0 vagrant && sudo systemctl poweroff",
    "qemuargs": [
      ["-m", "{{user `memory`}}"],
      ["-smp", "{{user `cpus`}}"]
    ]
  }, {
    "type": "virtualbox-iso",
    "guest_os_type": "RedHat_64",
    "iso_urls": [
      "{{ user `iso_path` }}/{{ user `iso_name` }}",
      "{{ user `mirror` }}/7/isos/x86_64/{{ user `iso_name` }}"
    ],
    "iso_checksum": "{{user `iso_checksum`}}",
    "iso_checksum_type": "{{user `iso_checksum_type`}}",
    "output_directory": "output-centos-7.6-x86_64-{{build_type}}",
    "vm_name": "librenms-centos-7.6-x86_64",
    "disk_size": "{{user `disk_size`}}",
    "headless": "{{user `headless`}}",
    "http_directory": "http",
    "boot_wait": "5s",
    "boot_command": [
      "<esc>",
      "<wait>",
      "linux inst.ks=http://{{.HTTPIP}}:{{.HTTPPort}}/centos-7.6/anaconda-ks.cfg biosdevname=0 net.ifnames=0",
      "<enter>"
    ],
    "ssh_timeout": "{{user `ssh_timeout`}}",
    "ssh_username": "{{ user `ssh_username` }}",
    "ssh_password": "{{ user `ssh_password` }}",
    "shutdown_command": "sudo systemctl poweroff",
    "vboxmanage": [
      ["modifyvm", "{{.Name}}", "--memory", "{{user `memory`}}"],
      ["modifyvm", "{{.Name}}", "--cpus", "{{user `cpus`}}"],
      ["modifyvm", "{{.Name}}", "--audio", "none"],
      ["modifyvm", "{{.Name}}", "--usb", "off"],
      ["modifyvm", "{{.Name}}", "--vram", "12"],
      [ "modifyvm", "{{.Name}}", "--natpf1", "ssh,tcp,,2023,,22" ],
      [ "modifyvm", "{{.Name}}", "--natpf1", "http,tcp,,8080,,80" ]
    ],
    "export_opts":
    [
      "--manifest",
      "--vsys", "0",
      "--product", "LibreNMS",
      "--producturl", "https://www.librenms.org",
      "--description", "LibreNMS, a fully featured network monitoring system that provides a wealth of features and device support.",
      "--version", "LibreNMS"
    ],
    "format": "ova"
  }, {
    "type": "vmware-iso",
    "guest_os_type": "centos-64",
    "iso_urls": [
      "{{ user `iso_path` }}/{{ user `iso_name` }}",
      "{{ user `mirror` }}/7/isos/x86_64/{{ user `iso_name` }}"
    ],
    "iso_checksum": "{{user `iso_checksum`}}",
    "iso_checksum_type": "{{user `iso_checksum_type`}}",
    "output_directory": "output-centos-7.6-x86_64-{{build_type}}",
    "vm_name": "librenms-centos-7.6-x86_64",
    "disk_size": "{{user `disk_size`}}",
    "headless": "{{user `headless`}}",
    "http_directory": "http",
    "boot_wait": "5s",
    "boot_command": [
      "<esc>",
      "<wait>",
      "linux inst.ks=http://{{.HTTPIP}}:{{.HTTPPort}}/centos-7.6/anaconda-ks.cfg biosdevname=0 net.ifnames=0",
      "<enter>"
    ],
    "ssh_timeout": "{{user `ssh_timeout`}}",
    "ssh_username": "{{ user `ssh_username` }}",
    "ssh_password": "{{ user `ssh_password` }}",
    "tools_upload_flavor": "linux",
    "shutdown_command": "sudo systemctl poweroff",
    "vmx_data": {
      "memsize": "{{user `memory`}}",
      "numvcpus": "{{user `cpus`}}"
    },
    "vmx_remove_ethernet_interfaces": true
  }],
  "provisioners": [
  {
    "type": "file",
    "source": "files/centos/nginx.conf",
    "destination": "/tmp/nginx.conf"
  },
  {
    "type": "file",
    "source": "files/centos/librenms.conf",
    "destination": "/tmp/librenms.conf"
  },
  {
    "type": "shell",
    "environment_vars": [
      "LIBRENMS_VERSION={{user `librenms_version`}}",
      "OXIDIZED={{user `oxidized`}}",
      "SYSLOG_NG={{user `syslog_ng`}}"
    ],
    "scripts": [
      "scripts/centos-7.6/repo.sh",
      "scripts/centos/virtualbox.sh",
      "scripts/centos/vmware.sh",
      "scripts/common/vagrant.sh",
      "scripts/common/sshd.sh",
      "scripts/centos/locale.sh",
      "scripts/centos-7.6/cleanup.sh",
      "scripts/centos/librenms.sh",
      "scripts/centos/syslog-ng.sh",
      "scripts/centos/oxidized.sh",
      "scripts/common/finish.sh",
      "scripts/common/minimize.sh",
      "scripts/common/clean_users.sh"
    ]
  }
  ],
  "variables": {
    "compression_level": "6",
    "cpus": "1",
    "disk_size": "40960",
    "memory": "512",
    "headless": "false",
    "iso_checksum": "19d94274ef856c4dfcacb2e7cfe4be73e442a71dd65cc3fb6e46db826040b56e",
    "iso_checksum_type": "sha256",
    "iso_name": "CentOS-7-x86_64-NetInstall-1810.iso",
    "iso_path": "iso",
    "mirror": "http://mirrors.kernel.org/centos",
    "ssh_fullname": "vagrant",
    "ssh_password": "vagrant",
    "ssh_username": "vagrant",
    "ssh_timeout": "60m"
  }
}
