{
  "_comment": "Build with `packer build ubuntu.json`",
  "builders": [
    {
      "boot_command": [
        "{{ user `boot_command_prefix` }}",
        "/casper/vmlinuz ",
        "root=/dev/sr0 ",
        "initrd=/casper/initrd ",
	"acpi=off noapic ",
        "autoinstall ",
        "ds=nocloud-net;s=http://{{ .HTTPIP }}:{{ .HTTPPort }}/ubuntu-20.04/",
        "<enter>"
      ],
      "boot_wait": "5s",
      "boot_keygroup_interval": "300ms",
      "disk_size": "{{ user `disk_size` }}",
      "export_opts": [
        "--manifest",
        "--vsys",
        "0",
        "--product",
        "LibreNMS",
        "--producturl",
        "https://www.librenms.org",
        "--description",
        "LibreNMS, a fully featured network monitoring system that provides a wealth of features and device support.",
        "--version",
        "LibreNMS"
      ],
      "format": "ova",
      "guest_additions_path": "VBoxGuestAdditions_{{.Version}}.iso",
      "guest_os_type": "Ubuntu_64",
      "headless": "{{ user `headless` }}",
      "http_directory": "http",
      "iso_checksum": "{{ user `iso_checksum_type` }}:{{ user `iso_checksum` }}",
      "iso_urls": [
        "{{ user `iso_path` }}/{{ user `iso_name` }}",
        "{{ user `mirror` }}/focal/{{ user `iso_name` }}"
      ],
      "output_directory": "output-ubuntu-20.04-amd64-{{build_type}}",
      "shutdown_command": "sudo usermod -L vagrant \u0026\u0026 sudo chage -d 0 vagrant \u0026\u0026 sudo systemctl poweroff",
      "ssh_handshake_attempts":"1000",
      "ssh_password": "{{ user `ssh_password` }}",
      "ssh_timeout": "{{user `ssh_timeout`}}",
      "ssh_username": "{{ user `ssh_username` }}",
      "type": "virtualbox-iso",
      "vboxmanage": [
        [
          "modifyvm",
          "{{.Name}}",
          "--audio",
          "none"
        ],
        [
          "modifyvm",
          "{{.Name}}",
          "--usb",
          "off"
        ],
        [
          "modifyvm",
          "{{.Name}}",
          "--vram",
          "12"
        ],
        [
          "modifyvm",
          "{{.Name}}",
          "--vrde",
          "off"
        ],
        [
          "modifyvm",
          "{{.Name}}",
          "--memory",
          "{{ user `memory` }}"
        ],
        [
          "modifyvm",
          "{{.Name}}",
          "--cpus",
          "{{ user `cpus` }}"
        ],
        [
          "modifyvm",
          "{{.Name}}",
          "--natpf1",
          "ssh,tcp,,2023,,22"
        ],
        [
          "modifyvm",
          "{{.Name}}",
          "--natpf1",
          "http,tcp,,8080,,80"
        ]
      ],
      "virtualbox_version_file": ".vbox_version",
      "vm_name": "librenms-ubuntu-20.04-amd64"
    }
  ],
  "provisioners": [
    {
      "destination": "/tmp/librenms.conf",
      "source": "files/ubuntu/librenms.conf",
      "type": "file"
    },
    {
      "environment_vars": [
        "DEBIAN_FRONTEND=noninteractive",
        "DESKTOP={{user `desktop`}}",
        "UPDATE={{user `update`}}",
        "INSTALL_VAGRANT_KEY={{user `install_vagrant_key`}}",
        "SSH_USERNAME={{user `ssh_username`}}",
        "SSH_PASSWORD={{user `ssh_password`}}",
        "http_proxy={{user `http_proxy`}}",
        "https_proxy={{user `https_proxy`}}",
        "no_proxy={{user `no_proxy`}}",
        "LIBRENMS_VERSION={{user `librenms_version`}}",
        "OXIDIZED={{user `oxidized`}}",
        "SYSLOG_NG={{user `syslog_ng`}}"
      ],
      "execute_command": "echo '{{ user `ssh_password` }}' | {{.Vars}} sudo -E -S bash '{{.Path}}'",
      "expect_disconnect": true,
      "scripts": [
        "scripts/ubuntu/update.sh",
        "scripts/ubuntu/virtualbox.sh",
        "scripts/ubuntu/vmware.sh",
        "scripts/common/vagrant.sh",
        "scripts/common/sshd.sh",
        "scripts/ubuntu/librenms.sh",
        "scripts/ubuntu/syslog-ng.sh",
        "scripts/ubuntu/oxidized.sh",
        "scripts/ubuntu/cleanup.sh",
        "scripts/common/finish.sh",
        "scripts/ubuntu/minimize.sh",
        "scripts/common/clean_users.sh"
      ],
      "type": "shell"
    }
  ],
  "variables": {
    "boot_command_prefix": "<esc><esc><esc><enter><wait>",
    "cpus": "1",
    "desktop": "false",
    "disk_size": "40960",
    "headless": "false",
    "hostname": "librenms",
    "http_proxy": "{{env `http_proxy`}}",
    "https_proxy": "{{env `https_proxy`}}",
    "install_vagrant_key": "true",
    "iso_checksum": "d1f2bf834bbe9bb43faf16f9be992a6f3935e65be0edece1dee2aa6eb1767423",
    "iso_checksum_type": "sha256",
    "iso_name": "ubuntu-20.04.2-live-server-amd64.iso",
    "iso_path": "iso",
    "memory": "512",
    "mirror": "http://releases.ubuntu.com",
    "no_proxy": "{{env `no_proxy`}}",
    "ssh_fullname": "vagrant",
    "ssh_password": "vagrant",
    "ssh_timeout": "60m",
    "ssh_username": "vagrant",
    "update": "true",
    "librenms_version": "master"
  }
}

